<?xml version="1.0" encoding="ISO-8859-1"?>
<project name="JAVG-EXAMPLES - PortletExample">
  <bannerLeft>
    <name>VGR</name>
    <src>http://www.vgregion.se/VGRimages/VGR_liten.gif</src>
    <href>http://www.vgregion.se/</href>
  </bannerLeft>
  <!--
  <bannerRight>
    <src>http://maven.apache.org/images/maven-small.gif</src>
  </bannerRight>
  -->
  <body>
    <links>
      <item name="IT-Centrum" href="http://www.vgregion.se/vgrtemplates/Start____41381.aspx" />
      <item name="IT-arkitektur" href="http://www.vgregion.se/vgrtemplates/Start____41381.aspx"/>
    </links>

    <menu name="PortletExample">
      <item name="Beskrivning" href="index.html"/>
    </menu>
    
    <menu ref="parent" />
    
    <menu ref="modules" />
    
    <menu ref="reports" />

  </body>
</project>