<?xml version="1.0"?>
<!-- ====================================================================== 
	    Ant file for unzipping a set a of files.
		
		Input:
		- property: unzip.dir
		
     ====================================================================== -->
<project default="unzip">

    <target name="unzip">
        <unzip dest="${unzip.dir}">
        
<!-- @INSERT_FILESET_AFTER_THIS_LINE@ -->

            <!-- example -->
            <!--
            <fileset dir="<local_m2_repo>">
                *************************************************
                    Use <include ... DO NOT USE <filename ...
                    - does not work with long paths in Ant 1.6.5
                    for some reason.
                *************************************************
                <include name="<path>/<artifact>.jar"/>
            </fileset>
            -->
        </unzip>
    </target>
    
</project>
