<?xml version="1.0"?>
<!--==================================================================
    Ant-script for Maven-plugin.
    
    Sets up a Business Component Architecture (BCA) directory with
    Maven POM-files from a template.
    
    Refer to the Reference Architecture documentation for more information
    on business components.    
    ===============================================================-->
<project>

    <!-- Note: workaround for "static" init of props that work bad in
               Maven 2.0.4. -->
    <target name="private_init_props">
        <property name="tmp.dir" value="${basedir}/__javg_template__"/>
        <property name="template.dir" value="${tmp.dir}/template"/>
        <tstamp><format property="generation.time" pattern="yyyy-MM-dd HH:mm:ss z"/></tstamp>
        
        <!-- load property file which contains build time info for *this* plugin -->
        <property resource="buildtime.properties"/>
        
        <property name="local.repo.dir" value="${user.home}/.m2/repository"/>
        <property name="artifact.self.path" value="${local.repo.dir}/${artifact.self.repo.subpath}"/>

        <!--
        <echo message="DEBUG: ${artifact.self.path}"/>
        -->
    </target>


    <target name="private_unzip_template_artifact" depends="private_init_props">
        <delete dir="${tmp.dir}"/>
        <mkdir dir="${tmp.dir}"/>
        <unzip src="${artifact.self.path}" dest="${tmp.dir}"/>
    </target>
    

    <target name="private_initialize_structure">
        <!-- get user input -->
        <echo message="==========================================================="/>
        <echo/>
        <input message="Please enter system name:" addproperty="system.name"/>
        <echo/>
        <input message="Please enter business component name:" addproperty="business.component.name"/>
        <echo/>
        <echo message="==========================================================="/>
        
        <!-- rename dir's -->
        <move file="${template.dir}/__svn_repo/trunk/components/__bc_name/applications/__bc_name"
                tofile="${template.dir}/__svn_repo/trunk/components/__bc_name/applications/${business.component.name}"/>

        <move file="${template.dir}/__svn_repo/trunk/components/__bc_name"
                tofile="${template.dir}/__svn_repo/trunk/components/${business.component.name}"/>
        
    	<move file="${template.dir}/__svn_repo"
    	        tofile="${template.dir}/${system.name}"/>

        <!-- replace values in Maven POM-files -->
        <replace dir="${template.dir}" includes="**/*">
            <replacefilter token="@REPLACE_SYSTEM_NAME@" value="${system.name}"/>
            <replacefilter token="@REPLACE_BUSINESS_COMPONENT_NAME@" value="${business.component.name}"/>
            <replacefilter token="@GENERATION_TIME@" value="${generation.time}"/>
            <replacefilter token="@TEMPLATE_VERSION@" value="${template.version}"/>
        </replace>
    </target>


    <target name="public_create_business_component_structure" depends="private_unzip_template_artifact, private_initialize_structure">
        <move file="${template.dir}/${system.name}/trunk"
                tofile="${basedir}"/>
        <delete dir="${tmp.dir}"/>
    </target>


    <target name="public_create_subversion_structure" depends="private_unzip_template_artifact, private_initialize_structure">
        <move file="${template.dir}"
                tofile="${basedir}"/>
        <delete dir="${tmp.dir}"/>
    </target>

</project>