<?xml version="1.0"?>
<!DOCTYPE faces-config PUBLIC
  "-//Sun Microsystems, Inc.//DTD JavaServer Faces Config 1.0//EN"
  "http://java.sun.com/dtd/web-facesconfig_1_0.dtd">

<faces-config>
	<application>
		<navigation-handler>
			org.springframework.webflow.executor.jsf.FlowNavigationHandler
		</navigation-handler>
		<variable-resolver>
			org.springframework.webflow.executor.jsf.DelegatingFlowVariableResolver
		</variable-resolver>
		<!-- HD:PORTLET
		<view-handler>com.sun.facelets.FaceletViewHandler</view-handler>
		-->
		<view-handler>com.sun.facelets.FaceletPortletViewHandler</view-handler>
	</application>

	<lifecycle>
		<phase-listener>
			org.springframework.webflow.executor.jsf.FlowPhaseListener
		</phase-listener>
	</lifecycle>
</faces-config>