<?xml version="1.0" encoding="UTF-8"?>

<portlet-app xmlns="http://java.sun.com/xml/ns/portlet/portlet-app_1_0.xsd"
             xmlns:xsi="http://www.w3.org/2001/XMLSchema-instance"
             xsi:schemaLocation="http://java.sun.com/xml/ns/portlet/portlet-app_1_0.xsd http://java.sun.com/xml/ns/portlet/portlet-app_1_0.xsd" 
             version="1.0">

	<portlet>
        <portlet-name>JAVG-EXAMPLES-PORTLET</portlet-name>
        <display-name>JAVG-EXAMPLES-PORTLET</display-name>
        <display-name xml:lang="en">JAVG-EXAMPLES-PORTLET</display-name>
        <!--  the JAVG portlet class was only implemented as a workaround to
        	a problem in MyFaces 1.1.4, see comments in impl.
        	Should be gone in 1.1.5
		<portlet-class>se.vgr.javg.util.portlet.support.JSFPortlet</portlet-class>
		-->
		<portlet-class>org.apache.myfaces.portlet.MyFacesGenericPortlet</portlet-class>
		

		<init-param>
			<name>default-view</name>
			<!--
			<value>/intro.jsf</value>
			-->
			<value>/intro.jsf</value>
		</init-param>

		<expiration-cache>0</expiration-cache>
	
		<supports>
			<mime-type>text/html</mime-type>
			<portlet-mode>view</portlet-mode>
			<!-- do not support edit/help modes!
			<portlet-mode>edit</portlet-mode>
			<portlet-mode>help</portlet-mode>
			-->
		</supports>
		<supported-locale>en</supported-locale>

		<portlet-info>
			<title>JAVG-EXAMPLES-PORTLET</title>
		</portlet-info>
	</portlet>

</portlet-app>
