<?xml version="1.0" encoding="UTF-8"?>
<beans xmlns="http://www.springframework.org/schema/beans"
       xmlns:xsi="http://www.w3.org/2001/XMLSchema-instance"
       xmlns:flow="http://www.springframework.org/schema/webflow-config"
       xsi:schemaLocation="
           http://www.springframework.org/schema/beans
           http://www.springframework.org/schema/beans/spring-beans-2.0.xsd
           http://www.springframework.org/schema/webflow-config
           http://www.springframework.org/schema/webflow-config/spring-webflow-config-1.0.xsd">

	<!-- Launches new flow executions and resumes existing executions -->
	<flow:executor id="flowExecutor" registry-ref="flowRegistry">
		<flow:execution-attributes>
			<!-- execution redirects don't apply in a Portlet environment -->
			<flow:alwaysRedirectOnPause value="false"/>
		</flow:execution-attributes>
	</flow:executor>	
	
	<!-- Creates the registry of flow definitions for this application -->
	<flow:registry id="flowRegistry">
		<flow:location path="classpath*:/flows/*-flow.xml" />
	</flow:registry>
</beans>