<?xml version="1.0"?>

<pluginMetadata>
  <mojos>
    <mojo>
      <call>public_jaxb_target</call>
      <goal>jaxb</goal>
      <requiresProject>true</requiresProject>
      <phase>generate-sources</phase>
      <description><![CDATA[
        Generate JAXB-bindings.
      ]]></description>
      <parameters>
        <parameter>
          <name>schema.dir</name>
          <defaultValue>${basedir}/src/main/schema</defaultValue>
          <required>true</required>
          <readonly>true</readonly>
        </parameter>
        <parameter>
		  <!-- Note: Ant-script generated by Java-part of plugin, if any
		       dependencies are found -->
          <name>unzip.dependencies.ant.file</name>
          <defaultValue>${project.build.directory}/ant_unzip_dependencies.xml</defaultValue>
          <required>true</required>
          <readonly>true</readonly>
        </parameter>
        <parameter>
          <name>schema.dependency.dir</name>
          <defaultValue>${project.build.directory}/schema_deps</defaultValue>
          <required>true</required>
          <readonly>true</readonly>
        </parameter>
        <parameter>
          <!-- Note: source dir added to compile root by Java-part of plugin -->
          <name>jaxb.generated.sources.dir</name>
          <defaultValue>${project.build.directory}/generated-sources/jaxb</defaultValue>
          <required>true</required>
          <readonly>true</readonly>
        </parameter>
      </parameters>
    </mojo>
  </mojos>
</pluginMetadata>
