<?xml version="1.0"?>

<!--==================================================================
    Ant-script for Maven-plugin.
    Unzip any dependency XML-schema artifacts and run the JAXB
    compiler.
    
    The for the dependency-resolution to work the goal "TODO" within
    this plugin (implemented in Java) must have been invoked (generates
    an Ant-script to be called by this script).
    
    ===============================================================-->

<project>

<!--******************************************************************
    <property name="schema.deps.dir" value="${build.dir}/schema_deps"/>
    
    DOES NOT WORK: "static" property resolution doesn't work, seems like
    properties from the <name>.mojo.xml are not present until a target is
    invoked.
         
    Using artifacts and versions:
        Maven 2.0.4 with
        org.apache.maven:maven-plugin-tools-ant:2.0.4
        org.apache.maven:maven-script-ant:2.0.4
        org.apache.maven:maven-plugin-api:2.0.4
        org.apache.maven:maven-plugin-plugin::2.0.4
        ant:ant:1.6.5

    WORKAROUND: define the properties inside a target instead!
    NOTE: seems to work differently for plugins invoked directly
    from the command line (where it works).
    ******************************************************************-->            
    
    <!-- this is a workaround for Maven as described above -->
    <target name="private_init_props">
        <available file="${schema.dir}" property="schema.dir.exist"/>
    	<available file="${unzip.dependencies.ant.file}" property="unzip.dependencies.exist"/>
    </target>


    <target name="private_no_dependencies" unless="unzip.dependencies.exist">
        <echo message="INFO: no dependencies found"/>
    </target>
    
    
    <target name="private_unzip_dependencies" if="unzip.dependencies.exist">
        <delete dir="${schema.dependency.dir}"/>
        <mkdir dir="${schema.dependency.dir}"/>
        <echo message="INFO: unpacking dependencies"/>
        <ant inheritAll="false" antfile="${unzip.dependencies.ant.file}">
            <property name="unzip.dir" value="${schema.dependency.dir}"/>
        </ant>
        <delete dir="${schema.dependency.dir}/META-INF"/>
    </target>
	

    <target name="private_init" depends="private_init_props, private_unzip_dependencies, private_no_dependencies">
    </target>
	

    <target name="private_jaxb" if="schema.dir.exist">
    	<mkdir dir="${jaxb.generated.sources.dir}"/>

		<taskdef name="xjc" classname="com.sun.tools.xjc.XJCTask"/>

        <!-- TODO
        use schema.deps.dir as JAXB "catalog" to get pass dependency on
        include refs (file/relative or URL)
        -->
		<xjc target="${jaxb.generated.sources.dir}">
		  <schema  dir="${schema.dir}">
		  	<include name="**/*.xsd"/>
		  	<exclude name="**/*Abstract*.xsd"/>
		  	<exclude name="**/*Base*.xsd"/>
		  </schema>
		</xjc>
    	
    </target>
    
    
    <target name="public_jaxb_target" depends="private_init, private_jaxb">
        <!-- <echo message="INFO: DONE!"/> -->
    </target>

</project>
