<?xml version="1.0" encoding="UTF-8"?>
<beans xmlns="http://www.springframework.org/schema/beans"
	xmlns:xsi="http://www.w3.org/2001/XMLSchema-instance"
	xsi:schemaLocation="
       http://www.springframework.org/schema/beans
       http://www.springframework.org/schema/beans/spring-beans-2.0.xsd">

	<bean id="PortletExample.AddressListFlowSupport"
		class="se.vgr.javg.examples.portletexample.presentation.AddressListFlowSupportBean">
		<property name="addressIntService"
			ref="PortletExample.AddressEntryServiceIntServiceClient" />
	</bean>
	<bean id="PortletExample.AddressFlowSupport"
		class="se.vgr.javg.examples.portletexample.presentation.AddressEntryFlowSupportBean">
		<property name="addressService"
			ref="PortletExample.AddressEntryServiceIntServiceClient" />
	</bean>
	<bean id="PortletExample.CategoryFlowSupport"
		class="se.vgr.javg.examples.portletexample.presentation.CategoryFlowSupportBean">
		<property name="addressService"
			ref="PortletExample.AddressEntryServiceIntServiceClient" />
	</bean>

	<bean id="PortletExample.AddressEntryServiceIntServiceClient"
		class="se.vgr.core.wsdl.addressservices.AddressService"
		factory-bean="PortletExample.EntryServiceIntServiceClientProxyFactory"
		factory-method="create" />

	<bean id="PortletExample.EntryServiceIntServiceClientProxyFactory"
		class="org.apache.cxf.jaxws.JaxWsProxyFactoryBean">
		<property name="serviceClass"
			value="se.vgr.core.wsdl.addressservices.AddressService" />
		<property name="address"
			value="http://localhost:8080/JAVG-EXAMPLES-PortletExample-intsvc/AddressService" />
		
		<property name="inInterceptors">
			<list>
				<bean
					class="org.apache.cxf.interceptor.LoggingInInterceptor" />
			</list>
		</property>
		<property name="outInterceptors">
			<list>
				<bean
					class="org.apache.cxf.interceptor.LoggingOutInterceptor" />
			</list>
		</property>
		<property name="outFaultInterceptors">
			<list>
				<bean
					class="org.apache.cxf.interceptor.LoggingOutInterceptor" />
			</list>
		</property>
	</bean>
</beans>