<?xml version='1.0' encoding='UTF-8'?>

<!DOCTYPE faces-config PUBLIC
  "-//Sun Microsystems, Inc.//DTD JavaServer Faces Config 1.0//EN"
  "http://java.sun.com/dtd/web-facesconfig_1_0.dtd">

<faces-config>

<!-- for non-portlet-apps -->
<!--
  <application>
    <view-handler>
      com.sun.facelets.FaceletViewHandler
    </view-handler>    
  </application>
-->

<!-- for portlet-apps -->
  <application>
    <view-handler>com.sun.facelets.FaceletPortletViewHandler</view-handler>
  </application>

</faces-config>
