<?xml version="1.0" encoding="UTF-8"?>
<flow xmlns="http://www.springframework.org/schema/webflow"
	xmlns:xsi="http://www.w3.org/2001/XMLSchema-instance"
	xsi:schemaLocation="http://www.springframework.org/schema/webflow
                          http://www.springframework.org/schema/webflow/spring-webflow-1.0.xsd">

	<var name="newCategory"
		class="se.vgr.javg.examples.portletexample.presentation.Category" />

	<start-state idref="enterNewCategory" />

	<view-state id="enterNewCategory"
		view="/PortletExample_category.xhtml">
		<transition on="cancelAction" to="cancel" />
		<transition on="saveAction" to="saveNewCategory" />
	</view-state>

	<action-state id="saveNewCategory">
		<bean-action bean="PortletExample.CategoryFlowSupport"
			method="saveNewCategory">
			<method-arguments>
				<argument expression="flowScope.newCategory" />
			</method-arguments>
		</bean-action>
		<transition on="success" to="finish" />
	</action-state>

	<end-state id="finish">
		<output-mapper>
			<output-attribute name="newCategory" scope="flow" />
		</output-mapper>
	</end-state>

	<end-state id="cancel" />

</flow>