<?xml version="1.0" encoding="UTF-8"?>
<flow xmlns="http://www.springframework.org/schema/webflow"
	xmlns:xsi="http://www.w3.org/2001/XMLSchema-instance"
	xsi:schemaLocation="http://www.springframework.org/schema/webflow
                          http://www.springframework.org/schema/webflow/spring-webflow-1.0.xsd">

	<input-mapper>
		<input-attribute name="entryId" scope="flow" />
	</input-mapper>

	<start-state idref="getNewOrExistingAddressEntity" />

	<action-state id="getNewOrExistingAddressEntity">
		<bean-action bean="PortletExample.AddressFlowSupport"
			method="getNewOrExistingAddressEntry">
			<method-arguments>
				<argument expression="flowScope.entryId" />
			</method-arguments>
			<method-result name="AddressEntry" scope="flow" />
		</bean-action>
		<transition on="success" to="editAddressEntry" />
	</action-state>

	<view-state id="editAddressEntry"
		view="/PortletExample_addressEntry.xhtml">
		<entry-actions>
			<bean-action bean="PortletExample.AddressFlowSupport"
				method="getCategories">
				<method-result name="categories" scope="flow" />
			</bean-action>
		</entry-actions>
		<transition on="saveAction" to="save" />
		<transition on="newCategoryAction" to="enterNewCategory" />
		<transition on="cancelAction" to="finish" />
	</view-state>

	<action-state id="save">
		<bean-action bean="PortletExample.AddressFlowSupport"
			method="saveEntry">
			<method-arguments>
				<argument expression="flowScope.AddressEntry" />
			</method-arguments>
		</bean-action>
		<transition on="success" to="finish" />
	</action-state>

	<subflow-state id="enterNewCategory"
		flow="PortletExample.category-flow">
		<attribute-mapper>
			<output-mapper>
				<output-attribute name="newCategory" scope="flow" />
			</output-mapper>
		</attribute-mapper>
		<transition on="finish" to="assignNewCategory" />
		<transition on="cancel" to="editAddressEntry" />
	</subflow-state>

	<action-state id="assignNewCategory">
		<set attribute="AddressEntry.category"
			value="flowScope.newCategory.value" scope="flow" />

		<transition to="editAddressEntry" />
	</action-state>

	<end-state id="finish" />

</flow>