<?xml version="1.0" encoding="UTF-8"?>
<flow xmlns="http://www.springframework.org/schema/webflow"
	xmlns:xsi="http://www.w3.org/2001/XMLSchema-instance"
	xsi:schemaLocation="http://www.springframework.org/schema/webflow
                          http://www.springframework.org/schema/webflow/spring-webflow-1.0.xsd">
	<start-state idref="showAddressList" />

	<view-state id="showAddressList"
		view="/PortletExample_addressList.xhtml">
		<entry-actions>
			<bean-action bean="PortletExample.AddressListFlowSupport"
				method="getEntries">
				<method-result name="entries" scope="flow" />
			</bean-action>
		</entry-actions>
		<transition on="newAddressAction" to="enterNewAddress" />
		<transition on="newCategoryAction" to="enterNewCategory" />
		<transition on="viewAddressEntryAction" to="showAddressDetails" />
	</view-state>

	<subflow-state id="enterNewAddress"
		flow="PortletExample.address-flow">
		<transition on="finish" to="showAddressList" />
	</subflow-state>

	<subflow-state id="enterNewCategory"
		flow="PortletExample.category-flow">
		<transition on="finish" to="showAddressList" />
		<transition on="cancel" to="showAddressList" />
	</subflow-state>

	<subflow-state id="showAddressDetails"
		flow="PortletExample.address-flow">
		<attribute-mapper>
			<input-mapper>
				<mapping source="requestParameters.entryId"
					target="entryId" from="string" to="long" />
			</input-mapper>
		</attribute-mapper>
		<transition on="finish" to="showAddressList" />
	</subflow-state>

</flow>